epoch,loss,mae_pp,stage_acc,lr
1,0.8518939184155176,19.121513872812656,0.43380855397148677,0.00029953760005996916
2,0.38612649587247944,8.1806717264717,0.8021045485403937,0.00029815325108927063
3,0.2583002246263799,4.399466889645482,0.9078411405295316,0.0002958554880596515
4,0.2144451001349227,3.9703807945932894,0.9404276985743381,0.00029265847744427303
5,0.2167434952874938,4.213644606386895,0.9338085539714868,0.000288581929876693
6,0.18774821489381693,3.288672014170573,0.9536659877800407,0.00028365097862825513
7,0.16440093612395737,2.787382236333502,0.9742023082145281,0.0002778960246531138
8,0.15775816959947933,2.4478375312327856,0.9755600814663951,0.0002713525491562421
9,0.15341922652939916,2.4769545279225764,0.9786150712830958,0.00026406089484000466
10,0.14864107206190677,2.6479985527011385,0.9840461642905635,0.00025606601717798207
11,0.14436468622632684,2.260342156369105,0.9842158859470469,0.0002474172072495275
12,0.14513678615059242,2.227614675594768,0.9826883910386965,0.00023816778784387094
13,0.14078106433760124,2.0826321631386744,0.9859131025118805,0.0002283747847073923
14,0.1377166986859986,2.028281392386716,0.988458927359131,0.00021809857496093199
15,0.13622060892072893,2.0834650958142795,0.9896469789545146,0.00020740251485476345
16,0.13527048895614777,1.8956681863940334,0.9898167006109979,0.0001963525491562421
17,0.13539104183879097,1.9268343666440682,0.9887983706720977,0.0001850168045783858
18,0.13243520413623402,1.7516228593557122,0.9899864222674813,0.00017346516975603462
19,0.1368909700996845,1.84723892263709,0.9860828241683639,0.00016176886435917675
20,0.1312664228479472,1.8524054991737644,0.9913441955193483,0.00015
21,0.13172087510851718,1.7866561504160556,0.9893075356415478,0.00013823113564082325
22,0.12942872562136523,1.7688593596412223,0.9918533604887984,0.00012653483024396533
23,0.1282105091491364,1.6941293264762611,0.993041412084182,0.00011498319542161423
24,0.12740938333087606,1.6025052919923166,0.9925322471147319,0.0001036474508437579
25,0.1272049855797451,1.5710317880643605,0.9945689069925322,9.259748514523653e-05
26,0.12558026984586898,1.509183550409047,0.9957569585879158,8.190142503906798e-05
27,0.12491378048023882,1.4739897329732017,0.9947386286490156,7.162521529260767e-05
28,0.12516642270327746,1.4784287060664691,0.9940597420230821,6.183221215612904e-05
29,0.12442764956997271,1.434973819157297,0.9952477936184657,5.2582792750472464e-05
30,0.12430779266664954,1.4350742579659717,0.9964358452138493,4.3933982822017876e-05
31,0.12417610349273973,1.415143480925275,0.995417515274949,3.593910515999536e-05
32,0.12374356029414839,1.387618286364433,0.9947386286490156,2.8647450843757897e-05
33,0.12356722500056372,1.3890763517097398,0.9950780719619824,2.210397534688617e-05
34,0.12304705635310029,1.3853993190949414,0.9957569585879158,1.634902137174483e-05
35,0.12382340763024707,1.3933528503004742,0.9950780719619824,1.1418070123306989e-05
36,0.12338710009282897,1.3710051476550764,0.994908350305499,7.34152255572697e-06
37,0.12340473793876956,1.3812274703071867,0.9957569585879158,4.144511940348516e-06
38,0.12303421065180947,1.377400330116736,0.9966055668703326,1.8467489107293509e-06
39,0.12330156787268903,1.3739861015581956,0.9957569585879158,4.623999400308054e-07
40,0.12302735315867208,1.3614876829315348,0.9962661235573659,0.0
