epoch,step,train/cardinality_error,train/cardinality_error_0,train/cardinality_error_1,train/cardinality_error_2,train/cardinality_error_enc,train/class_error,train/loss,train/loss_bbox,train/loss_bbox_aux,train/loss_ce,train/loss_ce_aux,train/loss_giou,train/loss_giou_aux,train/lr,train/lr_max,train/lr_min,val/AP/Autocran,val/AP/Bucket loader,val/AP/Crane manipulator,val/AP/Dump truck,val/AP/Excavator,val/AP/Mixer,val/AP/Motor grader,val/F1,val/ema_AP/Autocran,val/ema_AP/Bucket loader,val/ema_AP/Crane manipulator,val/ema_AP/Dump truck,val/ema_AP/Excavator,val/ema_AP/Mixer,val/ema_AP/Motor grader,val/ema_mAP_50,val/ema_mAP_50_95,val/ema_mAP_75,val/ema_mAR,val/mAP_50,val/mAP_50_95,val/mAP_75,val/mAR,val/precision,val/recall
0,49,,,,,,,,,,,,,,0.00019999999494757503,0.00019999999494757503,3.232564267818816e-06,,,,,,,,,,,,,,,,,,,,,,,,,
0,99,,,,,,,,,,,,,,0.00019999999494757503,0.00019999999494757503,3.232564267818816e-06,,,,,,,,,,,,,,,,,,,,,,,,,
0,149,,,,,,,,,,,,,,0.00019999999494757503,0.00019999999494757503,3.232564267818816e-06,,,,,,,,,,,,,,,,,,,,,,,,,
0,199,,,,,,,,,,,,,,0.00019999999494757503,0.00019999999494757503,3.232564267818816e-06,,,,,,,,,,,,,,,,,,,,,,,,,
0,249,,,,,,,,,,,,,,0.00019999999494757503,0.00019999999494757503,3.232564267818816e-06,,,,,,,,,,,,,,,,,,,,,,,,,
0,299,,,,,,,,,,,,,,0.00019999999494757503,0.00019999999494757503,3.232564267818816e-06,,,,,,,,,,,,,,,,,,,,,,,,,
0,349,,,,,,,,,,,,,,0.00019999999494757503,0.00019999999494757503,3.232564267818816e-06,,,,,,,,,,,,,,,,,,,,,,,,,
0,399,,,,,,,,,,,,,,0.00019999999494757503,0.00019999999494757503,3.232564267818816e-06,,,,,,,,,,,,,,,,,,,,,,,,,
0,449,,,,,,,,,,,,,,0.00019999999494757503,0.00019999999494757503,3.232564267818816e-06,,,,,,,,,,,,,,,,,,,,,,,,,
0,499,,,,,,,,,,,,,,0.00019999999494757503,0.00019999999494757503,3.232564267818816e-06,,,,,,,,,,,,,,,,,,,,,,,,,
0,549,,,,,,,,,,,,,,0.00019999999494757503,0.00019999999494757503,3.232564267818816e-06,,,,,,,,,,,,,,,,,,,,,,,,,
0,569,,,,,,,,,,,,,,,,,0.8178991675376892,0.5608091354370117,0.5740436911582947,0.6796188354492188,0.5563250780105591,0.7532287836074829,0.5910897254943848,0.7085164189338684,0.8178991675376892,0.5608091354370117,0.5740436911582947,0.6796188354492188,0.5563250780105591,0.7532287836074829,0.5910897254943848,0.7985120415687561,0.6475734710693359,0.748924195766449,0.8606517910957336,0.7985120415687561,0.6475734710693359,0.748924195766449,0.8606517910957336,0.7785101532936096,0.726559579372406
0,569,16.610416412353516,15.912281036376953,16.473793029785156,16.56688690185547,14.797477722167969,8.248791694641113,4.740322589874268,0.023547040298581123,0.11416662484407425,0.4989270269870758,2.271360397338867,0.11656001210212708,0.5241749286651611,,,,,,,,,,,,,,,,,,,,,,,,,,,,
1,599,,,,,,,,,,,,,,0.00019999999494757503,0.00019999999494757503,3.232564267818816e-06,,,,,,,,,,,,,,,,,,,,,,,,,
1,649,,,,,,,,,,,,,,0.00019999999494757503,0.00019999999494757503,3.232564267818816e-06,,,,,,,,,,,,,,,,,,,,,,,,,
1,699,,,,,,,,,,,,,,0.00019999999494757503,0.00019999999494757503,3.232564267818816e-06,,,,,,,,,,,,,,,,,,,,,,,,,
1,749,,,,,,,,,,,,,,0.00019999999494757503,0.00019999999494757503,3.232564267818816e-06,,,,,,,,,,,,,,,,,,,,,,,,,
1,799,,,,,,,,,,,,,,0.00019999999494757503,0.00019999999494757503,3.232564267818816e-06,,,,,,,,,,,,,,,,,,,,,,,,,
1,849,,,,,,,,,,,,,,0.00019999999494757503,0.00019999999494757503,3.232564267818816e-06,,,,,,,,,,,,,,,,,,,,,,,,,
1,899,,,,,,,,,,,,,,0.00019999999494757503,0.00019999999494757503,3.232564267818816e-06,,,,,,,,,,,,,,,,,,,,,,,,,
1,949,,,,,,,,,,,,,,0.00019999999494757503,0.00019999999494757503,3.232564267818816e-06,,,,,,,,,,,,,,,,,,,,,,,,,
1,999,,,,,,,,,,,,,,0.00019999999494757503,0.00019999999494757503,3.232564267818816e-06,,,,,,,,,,,,,,,,,,,,,,,,,
1,1049,,,,,,,,,,,,,,0.00019999999494757503,0.00019999999494757503,3.232564267818816e-06,,,,,,,,,,,,,,,,,,,,,,,,,
1,1099,,,,,,,,,,,,,,0.00019999999494757503,0.00019999999494757503,3.232564267818816e-06,,,,,,,,,,,,,,,,,,,,,,,,,
1,1139,,,,,,,,,,,,,,,,,0.8568449020385742,0.5864564180374146,0.6047546863555908,0.6834697723388672,0.5702588558197021,0.7485145330429077,0.6273373961448669,0.7851771712303162,0.8957905769348145,0.6121037602424622,0.6354656219482422,0.6873207092285156,0.5841926336288452,0.7438002228736877,0.6635850667953491,0.8326895236968994,0.6888940930366516,0.799018383026123,0.8641534447669983,0.8326895236968994,0.6888940930366516,0.799018383026123,0.8641534447669983,0.8903709053993225,0.7194270491600037
1,1139,18.1282901763916,17.940351486206055,18.04879379272461,18.0872802734375,17.425987243652344,2.044611930847168,3.9469547271728516,0.021885516121983528,0.10926663875579834,0.3753460943698883,1.7323881387710571,0.10581471025943756,0.4859151840209961,,,,,,,,,,,,,,,,,,,,,,,,,,,,
2,1149,,,,,,,,,,,,,,0.00019999999494757503,0.00019999999494757503,3.232564267818816e-06,,,,,,,,,,,,,,,,,,,,,,,,,
2,1199,,,,,,,,,,,,,,0.00019999999494757503,0.00019999999494757503,3.232564267818816e-06,,,,,,,,,,,,,,,,,,,,,,,,,
2,1249,,,,,,,,,,,,,,0.00019999999494757503,0.00019999999494757503,3.232564267818816e-06,,,,,,,,,,,,,,,,,,,,,,,,,
2,1299,,,,,,,,,,,,,,0.00019999999494757503,0.00019999999494757503,3.232564267818816e-06,,,,,,,,,,,,,,,,,,,,,,,,,
2,1349,,,,,,,,,,,,,,0.00019999999494757503,0.00019999999494757503,3.232564267818816e-06,,,,,,,,,,,,,,,,,,,,,,,,,
2,1399,,,,,,,,,,,,,,0.00019999999494757503,0.00019999999494757503,3.232564267818816e-06,,,,,,,,,,,,,,,,,,,,,,,,,
2,1449,,,,,,,,,,,,,,0.00019999999494757503,0.00019999999494757503,3.232564267818816e-06,,,,,,,,,,,,,,,,,,,,,,,,,
2,1499,,,,,,,,,,,,,,0.00019999999494757503,0.00019999999494757503,3.232564267818816e-06,,,,,,,,,,,,,,,,,,,,,,,,,
2,1549,,,,,,,,,,,,,,0.00019999999494757503,0.00019999999494757503,3.232564267818816e-06,,,,,,,,,,,,,,,,,,,,,,,,,
2,1599,,,,,,,,,,,,,,0.00019999999494757503,0.00019999999494757503,3.232564267818816e-06,,,,,,,,,,,,,,,,,,,,,,,,,
2,1649,,,,,,,,,,,,,,0.00019999999494757503,0.00019999999494757503,3.232564267818816e-06,,,,,,,,,,,,,,,,,,,,,,,,,
2,1699,,,,,,,,,,,,,,0.00019999999494757503,0.00019999999494757503,3.232564267818816e-06,,,,,,,,,,,,,,,,,,,,,,,,,
2,1709,,,,,,,,,,,,,,,,,0.8998721837997437,0.641762912273407,0.6710890531539917,0.6941806077957153,0.5927554368972778,0.7663286924362183,0.68613600730896,0.8140732049942017,0.9039537906646729,0.6714220643043518,0.7067124843597412,0.701040506362915,0.6013182997703552,0.7888571619987488,0.7086870074272156,0.8754070997238159,0.7259987592697144,0.8376917243003845,0.864510715007782,0.8754070997238159,0.7259987592697144,0.8376917243003845,0.864510715007782,0.9026559591293335,0.7583647966384888
2,1709,18.54298210144043,18.330154418945312,18.514583587646484,18.557126998901367,17.883113861083984,1.438604712486267,3.6938445568084717,0.020377634093165398,0.10294976830482483,0.3473535478115082,1.6156548261642456,0.09915056824684143,0.457947701215744,,,,,,,,,,,,,,,,,,,,,,,,,,,,
3,1749,,,,,,,,,,,,,,0.00019999999494757503,0.00019999999494757503,3.232564267818816e-06,,,,,,,,,,,,,,,,,,,,,,,,,
3,1799,,,,,,,,,,,,,,0.00019999999494757503,0.00019999999494757503,3.232564267818816e-06,,,,,,,,,,,,,,,,,,,,,,,,,
3,1849,,,,,,,,,,,,,,0.00019999999494757503,0.00019999999494757503,3.232564267818816e-06,,,,,,,,,,,,,,,,,,,,,,,,,
3,1899,,,,,,,,,,,,,,0.00019999999494757503,0.00019999999494757503,3.232564267818816e-06,,,,,,,,,,,,,,,,,,,,,,,,,
3,1949,,,,,,,,,,,,,,0.00019999999494757503,0.00019999999494757503,3.232564267818816e-06,,,,,,,,,,,,,,,,,,,,,,,,,
3,1999,,,,,,,,,,,,,,0.00019999999494757503,0.00019999999494757503,3.232564267818816e-06,,,,,,,,,,,,,,,,,,,,,,,,,
3,2049,,,,,,,,,,,,,,0.00019999999494757503,0.00019999999494757503,3.232564267818816e-06,,,,,,,,,,,,,,,,,,,,,,,,,
3,2099,,,,,,,,,,,,,,0.00019999999494757503,0.00019999999494757503,3.232564267818816e-06,,,,,,,,,,,,,,,,,,,,,,,,,
3,2149,,,,,,,,,,,,,,0.00019999999494757503,0.00019999999494757503,3.232564267818816e-06,,,,,,,,,,,,,,,,,,,,,,,,,
3,2199,,,,,,,,,,,,,,0.00019999999494757503,0.00019999999494757503,3.232564267818816e-06,,,,,,,,,,,,,,,,,,,,,,,,,
3,2249,,,,,,,,,,,,,,0.00019999999494757503,0.00019999999494757503,3.232564267818816e-06,,,,,,,,,,,,,,,,,,,,,,,,,
3,2279,,,,,,,,,,,,,,,,,0.9118174314498901,0.6455888152122498,0.6969510912895203,0.6974216103553772,0.6069328188896179,0.799080491065979,0.7263646125793457,0.8118866682052612,0.9196811318397522,0.6197555661201477,0.6871896982192993,0.6938027143478394,0.6125473380088806,0.8093038201332092,0.7440422773361206,0.8681085109710693,0.7266175150871277,0.830790638923645,0.8644826412200928,0.8681085109710693,0.7266175150871277,0.830790638923645,0.8644826412200928,0.9120935201644897,0.7539710402488708
3,2279,18.668970108032227,18.433881759643555,18.61524200439453,18.644079208374023,18.132675170898438,1.5789986848831177,3.4961864948272705,0.019169190898537636,0.09746624529361725,0.32750654220581055,1.5323145389556885,0.09297163039445877,0.43362101912498474,,,,,,,,,,,,,,,,,,,,,,,,,,,,
4,2299,,,,,,,,,,,,,,0.00019999999494757503,0.00019999999494757503,3.232564267818816e-06,,,,,,,,,,,,,,,,,,,,,,,,,
4,2349,,,,,,,,,,,,,,0.00019999999494757503,0.00019999999494757503,3.232564267818816e-06,,,,,,,,,,,,,,,,,,,,,,,,,
4,2399,,,,,,,,,,,,,,0.00019999999494757503,0.00019999999494757503,3.232564267818816e-06,,,,,,,,,,,,,,,,,,,,,,,,,
4,2449,,,,,,,,,,,,,,0.00019999999494757503,0.00019999999494757503,3.232564267818816e-06,,,,,,,,,,,,,,,,,,,,,,,,,
4,2499,,,,,,,,,,,,,,0.00019999999494757503,0.00019999999494757503,3.232564267818816e-06,,,,,,,,,,,,,,,,,,,,,,,,,
4,2549,,,,,,,,,,,,,,0.00019999999494757503,0.00019999999494757503,3.232564267818816e-06,,,,,,,,,,,,,,,,,,,,,,,,,
4,2599,,,,,,,,,,,,,,0.00019999999494757503,0.00019999999494757503,3.232564267818816e-06,,,,,,,,,,,,,,,,,,,,,,,,,
4,2649,,,,,,,,,,,,,,0.00019999999494757503,0.00019999999494757503,3.232564267818816e-06,,,,,,,,,,,,,,,,,,,,,,,,,
4,2699,,,,,,,,,,,,,,0.00019999999494757503,0.00019999999494757503,3.232564267818816e-06,,,,,,,,,,,,,,,,,,,,,,,,,
4,2749,,,,,,,,,,,,,,0.00019999999494757503,0.00019999999494757503,3.232564267818816e-06,,,,,,,,,,,,,,,,,,,,,,,,,
4,2799,,,,,,,,,,,,,,0.00019999999494757503,0.00019999999494757503,3.232564267818816e-06,,,,,,,,,,,,,,,,,,,,,,,,,
4,2849,,,,,,,,,,,,,,0.00019999999494757503,0.00019999999494757503,3.232564267818816e-06,,,,,,,,,,,,,,,,,,,,,,,,,
4,2849,,,,,,,,,,,,,,,,,0.9216538071632385,0.6278663873672485,0.7452787160873413,0.704903244972229,0.612348198890686,0.8147032260894775,0.7481220960617065,0.8481969237327576,0.9236264824867249,0.6359772086143494,0.8033676743507385,0.7160037755966187,0.6121490001678467,0.8201025724411011,0.7522018551826477,0.8927732706069946,0.751918375492096,0.8612303137779236,0.8622296452522278,0.8927732706069946,0.751918375492096,0.8612303137779236,0.8622296452522278,0.9101800918579102,0.8043585419654846
4,2849,18.490461349487305,18.161184310913086,18.429386138916016,18.47072410583496,17.570175170898438,0.9834039807319641,3.563037395477295,0.018855374306440353,0.10078854113817215,0.32233166694641113,1.585911750793457,0.09147410839796066,0.43681296706199646,,,,,,,,,,,,,,,,,,,,,,,,,,,,
5,2899,,,,,,,,,,,,,,0.00019999999494757503,0.00019999999494757503,3.232564267818816e-06,,,,,,,,,,,,,,,,,,,,,,,,,
5,2949,,,,,,,,,,,,,,0.00019999999494757503,0.00019999999494757503,3.232564267818816e-06,,,,,,,,,,,,,,,,,,,,,,,,,
5,2999,,,,,,,,,,,,,,0.00019999999494757503,0.00019999999494757503,3.232564267818816e-06,,,,,,,,,,,,,,,,,,,,,,,,,
5,3049,,,,,,,,,,,,,,0.00019999999494757503,0.00019999999494757503,3.232564267818816e-06,,,,,,,,,,,,,,,,,,,,,,,,,
5,3099,,,,,,,,,,,,,,0.00019999999494757503,0.00019999999494757503,3.232564267818816e-06,,,,,,,,,,,,,,,,,,,,,,,,,
5,3149,,,,,,,,,,,,,,0.00019999999494757503,0.00019999999494757503,3.232564267818816e-06,,,,,,,,,,,,,,,,,,,,,,,,,
5,3199,,,,,,,,,,,,,,0.00019999999494757503,0.00019999999494757503,3.232564267818816e-06,,,,,,,,,,,,,,,,,,,,,,,,,
5,3249,,,,,,,,,,,,,,0.00019999999494757503,0.00019999999494757503,3.232564267818816e-06,,,,,,,,,,,,,,,,,,,,,,,,,
5,3299,,,,,,,,,,,,,,0.00019999999494757503,0.00019999999494757503,3.232564267818816e-06,,,,,,,,,,,,,,,,,,,,,,,,,
5,3349,,,,,,,,,,,,,,0.00019999999494757503,0.00019999999494757503,3.232564267818816e-06,,,,,,,,,,,,,,,,,,,,,,,,,
5,3399,,,,,,,,,,,,,,0.00019999999494757503,0.00019999999494757503,3.232564267818816e-06,,,,,,,,,,,,,,,,,,,,,,,,,
5,3419,,,,,,,,,,,,,,,,,0.923914909362793,0.6458067893981934,0.8120198249816895,0.7128534913063049,0.6093670129776001,0.8193153142929077,0.7610518932342529,0.8677606582641602,0.9242032766342163,0.6556363701820374,0.8206720352172852,0.7097032070159912,0.6065850853919983,0.8185280561447144,0.7699018716812134,0.900623083114624,0.757889986038208,0.8608225584030151,0.8641999959945679,0.900623083114624,0.757889986038208,0.8608225584030151,0.8641999959945679,0.9107235670089722,0.8399428725242615
5,3419,19.166227340698242,19.009977340698242,19.133224487304688,19.151535034179688,18.62368392944336,0.914489209651947,3.341308116912842,0.01800399273633957,0.09284200519323349,0.3109128177165985,1.472375750541687,0.08786080032587051,0.4140337407588959,,,,,,,,,,,,,,,,,,,,,,,,,,,,
6,3449,,,,,,,,,,,,,,0.00019999999494757503,0.00019999999494757503,3.232564267818816e-06,,,,,,,,,,,,,,,,,,,,,,,,,
6,3499,,,,,,,,,,,,,,0.00019999999494757503,0.00019999999494757503,3.232564267818816e-06,,,,,,,,,,,,,,,,,,,,,,,,,
6,3549,,,,,,,,,,,,,,0.00019999999494757503,0.00019999999494757503,3.232564267818816e-06,,,,,,,,,,,,,,,,,,,,,,,,,
6,3599,,,,,,,,,,,,,,0.00019999999494757503,0.00019999999494757503,3.232564267818816e-06,,,,,,,,,,,,,,,,,,,,,,,,,
6,3649,,,,,,,,,,,,,,0.00019999999494757503,0.00019999999494757503,3.232564267818816e-06,,,,,,,,,,,,,,,,,,,,,,,,,
6,3699,,,,,,,,,,,,,,0.00019999999494757503,0.00019999999494757503,3.232564267818816e-06,,,,,,,,,,,,,,,,,,,,,,,,,
6,3749,,,,,,,,,,,,,,0.00019999999494757503,0.00019999999494757503,3.232564267818816e-06,,,,,,,,,,,,,,,,,,,,,,,,,
6,3799,,,,,,,,,,,,,,0.00019999999494757503,0.00019999999494757503,3.232564267818816e-06,,,,,,,,,,,,,,,,,,,,,,,,,
6,3849,,,,,,,,,,,,,,0.00019999999494757503,0.00019999999494757503,3.232564267818816e-06,,,,,,,,,,,,,,,,,,,,,,,,,
6,3899,,,,,,,,,,,,,,0.00019999999494757503,0.00019999999494757503,3.232564267818816e-06,,,,,,,,,,,,,,,,,,,,,,,,,
6,3949,,,,,,,,,,,,,,0.00019999999494757503,0.00019999999494757503,3.232564267818816e-06,,,,,,,,,,,,,,,,,,,,,,,,,
6,3989,,,,,,,,,,,,,,,,,0.9299034476280212,0.6478831768035889,0.8421125411987305,0.7108465433120728,0.6203380823135376,0.8237372636795044,0.7634918689727783,0.8633410334587097,0.9356036186218262,0.6401300430297852,0.8635531067848206,0.7119898200035095,0.6340911388397217,0.8289464116096497,0.7570818066596985,0.9074413776397705,0.7673422694206238,0.866611897945404,0.864382266998291,0.9074413776397705,0.7673422694206238,0.866611897945404,0.864382266998291,0.9375666975975037,0.806682825088501
6,3989,18.700439453125,18.546710968017578,18.66074562072754,18.693859100341797,18.271053314208984,0.9312342405319214,3.184817314147949,0.017623256891965866,0.08997797220945358,0.2987786531448364,1.3855712413787842,0.08452428132295609,0.3967071771621704,,,,,,,,,,,,,,,,,,,,,,,,,,,,
7,3999,,,,,,,,,,,,,,0.00019999999494757503,0.00019999999494757503,3.232564267818816e-06,,,,,,,,,,,,,,,,,,,,,,,,,
7,4049,,,,,,,,,,,,,,0.00019999999494757503,0.00019999999494757503,3.232564267818816e-06,,,,,,,,,,,,,,,,,,,,,,,,,
7,4099,,,,,,,,,,,,,,0.00019999999494757503,0.00019999999494757503,3.232564267818816e-06,,,,,,,,,,,,,,,,,,,,,,,,,
7,4149,,,,,,,,,,,,,,0.00019999999494757503,0.00019999999494757503,3.232564267818816e-06,,,,,,,,,,,,,,,,,,,,,,,,,
7,4199,,,,,,,,,,,,,,0.00019999999494757503,0.00019999999494757503,3.232564267818816e-06,,,,,,,,,,,,,,,,,,,,,,,,,
7,4249,,,,,,,,,,,,,,0.00019999999494757503,0.00019999999494757503,3.232564267818816e-06,,,,,,,,,,,,,,,,,,,,,,,,,
7,4299,,,,,,,,,,,,,,0.00019999999494757503,0.00019999999494757503,3.232564267818816e-06,,,,,,,,,,,,,,,,,,,,,,,,,
7,4349,,,,,,,,,,,,,,0.00019999999494757503,0.00019999999494757503,3.232564267818816e-06,,,,,,,,,,,,,,,,,,,,,,,,,
7,4399,,,,,,,,,,,,,,0.00019999999494757503,0.00019999999494757503,3.232564267818816e-06,,,,,,,,,,,,,,,,,,,,,,,,,
7,4449,,,,,,,,,,,,,,0.00019999999494757503,0.00019999999494757503,3.232564267818816e-06,,,,,,,,,,,,,,,,,,,,,,,,,
7,4499,,,,,,,,,,,,,,0.00019999999494757503,0.00019999999494757503,3.232564267818816e-06,,,,,,,,,,,,,,,,,,,,,,,,,
7,4549,,,,,,,,,,,,,,0.00019999999494757503,0.00019999999494757503,3.232564267818816e-06,,,,,,,,,,,,,,,,,,,,,,,,,
7,4559,,,,,,,,,,,,,,,,,0.9327182769775391,0.6358815431594849,0.8142569065093994,0.7056330442428589,0.6201491951942444,0.7973231077194214,0.7331912517547607,0.7863768339157104,0.9298329949378967,0.6316329836845398,0.764960765838623,0.6992762684822083,0.6062072515487671,0.7656998634338379,0.709300696849823,0.8800642490386963,0.7295587062835693,0.8373751640319824,0.8616874814033508,0.8800642490386963,0.7295587062835693,0.8373751640319824,0.8616874814033508,0.8971278667449951,0.7305033802986145
7,4559,18.66206169128418,18.544845581054688,18.607128143310547,18.635635375976562,18.280811309814453,0.8155312538146973,3.253979444503784,0.018220365047454834,0.09293100982904434,0.3030162751674652,1.401788353919983,0.08755809813737869,0.40915077924728394,,,,,,,,,,,,,,,,,,,,,,,,,,,,
8,4599,,,,,,,,,,,,,,0.00019999999494757503,0.00019999999494757503,3.232564267818816e-06,,,,,,,,,,,,,,,,,,,,,,,,,
8,4649,,,,,,,,,,,,,,0.00019999999494757503,0.00019999999494757503,3.232564267818816e-06,,,,,,,,,,,,,,,,,,,,,,,,,
8,4699,,,,,,,,,,,,,,0.00019999999494757503,0.00019999999494757503,3.232564267818816e-06,,,,,,,,,,,,,,,,,,,,,,,,,
8,4749,,,,,,,,,,,,,,0.00019999999494757503,0.00019999999494757503,3.232564267818816e-06,,,,,,,,,,,,,,,,,,,,,,,,,
8,4799,,,,,,,,,,,,,,0.00019999999494757503,0.00019999999494757503,3.232564267818816e-06,,,,,,,,,,,,,,,,,,,,,,,,,
8,4849,,,,,,,,,,,,,,0.00019999999494757503,0.00019999999494757503,3.232564267818816e-06,,,,,,,,,,,,,,,,,,,,,,,,,
8,4899,,,,,,,,,,,,,,0.00019999999494757503,0.00019999999494757503,3.232564267818816e-06,,,,,,,,,,,,,,,,,,,,,,,,,
8,4949,,,,,,,,,,,,,,0.00019999999494757503,0.00019999999494757503,3.232564267818816e-06,,,,,,,,,,,,,,,,,,,,,,,,,
8,4999,,,,,,,,,,,,,,0.00019999999494757503,0.00019999999494757503,3.232564267818816e-06,,,,,,,,,,,,,,,,,,,,,,,,,
8,5049,,,,,,,,,,,,,,0.00019999999494757503,0.00019999999494757503,3.232564267818816e-06,,,,,,,,,,,,,,,,,,,,,,,,,
8,5099,,,,,,,,,,,,,,0.00019999999494757503,0.00019999999494757503,3.232564267818816e-06,,,,,,,,,,,,,,,,,,,,,,,,,
8,5129,,,,,,,,,,,,,,,,,0.9338481426239014,0.6279181241989136,0.7689002752304077,0.7037863731384277,0.60655677318573,0.777954638004303,0.7340274453163147,0.8164291977882385,0.937863290309906,0.6242032051086426,0.7728397846221924,0.7082964181900024,0.6069062352180481,0.7902094125747681,0.7587541937828064,0.8767812848091125,0.7427246570587158,0.8362472653388977,0.868150532245636,0.8767812848091125,0.7427246570587158,0.8362472653388977,0.868150532245636,0.940457820892334,0.7401409149169922
8,5129,18.97905731201172,18.82631492614746,18.918201446533203,18.966556549072266,18.516996383666992,0.7068804502487183,3.162719488143921,0.016967814415693283,0.08917652070522308,0.29237428307533264,1.3864212036132812,0.0828273817896843,0.3937735855579376,,,,,,,,,,,,,,,,,,,,,,,,,,,,
9,5149,,,,,,,,,,,,,,0.00019999999494757503,0.00019999999494757503,3.232564267818816e-06,,,,,,,,,,,,,,,,,,,,,,,,,
9,5199,,,,,,,,,,,,,,0.00019999999494757503,0.00019999999494757503,3.232564267818816e-06,,,,,,,,,,,,,,,,,,,,,,,,,
9,5249,,,,,,,,,,,,,,0.00019999999494757503,0.00019999999494757503,3.232564267818816e-06,,,,,,,,,,,,,,,,,,,,,,,,,
9,5299,,,,,,,,,,,,,,0.00019999999494757503,0.00019999999494757503,3.232564267818816e-06,,,,,,,,,,,,,,,,,,,,,,,,,
9,5349,,,,,,,,,,,,,,0.00019999999494757503,0.00019999999494757503,3.232564267818816e-06,,,,,,,,,,,,,,,,,,,,,,,,,
9,5399,,,,,,,,,,,,,,0.00019999999494757503,0.00019999999494757503,3.232564267818816e-06,,,,,,,,,,,,,,,,,,,,,,,,,
9,5449,,,,,,,,,,,,,,0.00019999999494757503,0.00019999999494757503,3.232564267818816e-06,,,,,,,,,,,,,,,,,,,,,,,,,
9,5499,,,,,,,,,,,,,,0.00019999999494757503,0.00019999999494757503,3.232564267818816e-06,,,,,,,,,,,,,,,,,,,,,,,,,
9,5549,,,,,,,,,,,,,,0.00019999999494757503,0.00019999999494757503,3.232564267818816e-06,,,,,,,,,,,,,,,,,,,,,,,,,
9,5599,,,,,,,,,,,,,,0.00019999999494757503,0.00019999999494757503,3.232564267818816e-06,,,,,,,,,,,,,,,,,,,,,,,,,
9,5649,,,,,,,,,,,,,,0.00019999999494757503,0.00019999999494757503,3.232564267818816e-06,,,,,,,,,,,,,,,,,,,,,,,,,
9,5699,,,,,,,,,,,,,,0.00019999999494757503,0.00019999999494757503,3.232564267818816e-06,,,,,,,,,,,,,,,,,,,,,,,,,
9,5699,,,,,,,,,,,,,,,,,0.9351328611373901,0.625658392906189,0.7866650819778442,0.709524393081665,0.6203248500823975,0.7870497703552246,0.7473151683807373,0.8426735401153564,0.9324023723602295,0.6271135807037354,0.8004903197288513,0.7107523679733276,0.6337435245513916,0.7838901877403259,0.7358761429786682,0.8851245641708374,0.7463240623474121,0.8369882106781006,0.8671481609344482,0.8851245641708374,0.7463240623474121,0.8369882106781006,0.8671481609344482,0.9237274527549744,0.7846367359161377
9,5699,18.89835548400879,18.825220108032227,18.878398895263672,18.879714965820312,18.51622772216797,0.5771791338920593,3.0529332160949707,0.016495611518621445,0.08562787622213364,0.2831733822822571,1.3315411806106567,0.08093205094337463,0.38286879658699036,,,,,,,,,,,,,,,,,,,,,,,,,,,,
10,5749,,,,,,,,,,,,,,0.00019999999494757503,0.00019999999494757503,3.232564267818816e-06,,,,,,,,,,,,,,,,,,,,,,,,,
10,5799,,,,,,,,,,,,,,0.00019999999494757503,0.00019999999494757503,3.232564267818816e-06,,,,,,,,,,,,,,,,,,,,,,,,,
10,5849,,,,,,,,,,,,,,0.00019999999494757503,0.00019999999494757503,3.232564267818816e-06,,,,,,,,,,,,,,,,,,,,,,,,,
10,5899,,,,,,,,,,,,,,0.00019999999494757503,0.00019999999494757503,3.232564267818816e-06,,,,,,,,,,,,,,,,,,,,,,,,,
10,5949,,,,,,,,,,,,,,0.00019999999494757503,0.00019999999494757503,3.232564267818816e-06,,,,,,,,,,,,,,,,,,,,,,,,,
10,5999,,,,,,,,,,,,,,0.00019999999494757503,0.00019999999494757503,3.232564267818816e-06,,,,,,,,,,,,,,,,,,,,,,,,,
10,6049,,,,,,,,,,,,,,0.00019999999494757503,0.00019999999494757503,3.232564267818816e-06,,,,,,,,,,,,,,,,,,,,,,,,,
10,6099,,,,,,,,,,,,,,0.00019999999494757503,0.00019999999494757503,3.232564267818816e-06,,,,,,,,,,,,,,,,,,,,,,,,,
10,6149,,,,,,,,,,,,,,0.00019999999494757503,0.00019999999494757503,3.232564267818816e-06,,,,,,,,,,,,,,,,,,,,,,,,,
10,6199,,,,,,,,,,,,,,0.00019999999494757503,0.00019999999494757503,3.232564267818816e-06,,,,,,,,,,,,,,,,,,,,,,,,,
10,6249,,,,,,,,,,,,,,0.00019999999494757503,0.00019999999494757503,3.232564267818816e-06,,,,,,,,,,,,,,,,,,,,,,,,,
10,6269,,,,,,,,,,,,,,,,,0.9320105314254761,0.6325675249099731,0.7511036396026611,0.7089169025421143,0.6264016628265381,0.8057279586791992,0.7727683782577515,0.8276298642158508,0.9316186904907227,0.6380215287208557,0.7017168998718262,0.7070814371109009,0.6190598607063293,0.8275657296180725,0.8096606731414795,0.8800640106201172,0.7478178143501282,0.8330286145210266,0.8654307723045349,0.8800640106201172,0.7478178143501282,0.8330286145210266,0.8654307723045349,0.943909227848053,0.7511770129203796
10,6269,19.047588348388672,18.949012756347656,19.047149658203125,19.052961349487305,18.79802703857422,0.6853278875350952,3.051267623901367,0.01649750955402851,0.08498314768075943,0.28626590967178345,1.3387638330459595,0.08045199513435364,0.37896567583084106,,,,,,,,,,,,,,,,,,,,,,,,,,,,
11,6299,,,,,,,,,,,,,,0.00019999999494757503,0.00019999999494757503,3.232564267818816e-06,,,,,,,,,,,,,,,,,,,,,,,,,
11,6349,,,,,,,,,,,,,,0.00019999999494757503,0.00019999999494757503,3.232564267818816e-06,,,,,,,,,,,,,,,,,,,,,,,,,
11,6399,,,,,,,,,,,,,,0.00019999999494757503,0.00019999999494757503,3.232564267818816e-06,,,,,,,,,,,,,,,,,,,,,,,,,
11,6449,,,,,,,,,,,,,,0.00019999999494757503,0.00019999999494757503,3.232564267818816e-06,,,,,,,,,,,,,,,,,,,,,,,,,
11,6499,,,,,,,,,,,,,,0.00019999999494757503,0.00019999999494757503,3.232564267818816e-06,,,,,,,,,,,,,,,,,,,,,,,,,
11,6549,,,,,,,,,,,,,,0.00019999999494757503,0.00019999999494757503,3.232564267818816e-06,,,,,,,,,,,,,,,,,,,,,,,,,
11,6599,,,,,,,,,,,,,,0.00019999999494757503,0.00019999999494757503,3.232564267818816e-06,,,,,,,,,,,,,,,,,,,,,,,,,
11,6649,,,,,,,,,,,,,,0.00019999999494757503,0.00019999999494757503,3.232564267818816e-06,,,,,,,,,,,,,,,,,,,,,,,,,
11,6699,,,,,,,,,,,,,,0.00019999999494757503,0.00019999999494757503,3.232564267818816e-06,,,,,,,,,,,,,,,,,,,,,,,,,
11,6749,,,,,,,,,,,,,,0.00019999999494757503,0.00019999999494757503,3.232564267818816e-06,,,,,,,,,,,,,,,,,,,,,,,,,
11,6799,,,,,,,,,,,,,,0.00019999999494757503,0.00019999999494757503,3.232564267818816e-06,,,,,,,,,,,,,,,,,,,,,,,,,
11,6839,,,,,,,,,,,,,,,,,0.9358612895011902,0.6404628157615662,0.6468235850334167,0.7055034637451172,0.6258691549301147,0.8301724195480347,0.799467921257019,0.7820521593093872,0.9401038885116577,0.6429041028022766,0.5919302701950073,0.7039254307746887,0.6326783895492554,0.8327791690826416,0.7892751097679138,0.8741039633750916,0.7333709001541138,0.8154067397117615,0.8663792610168457,0.8741039633750916,0.7333709001541138,0.8154067397117615,0.8663792610168457,0.9493984580039978,0.7004492282867432
11,6839,18.970394134521484,18.823904037475586,18.923574447631836,18.953289031982422,18.576425552368164,0.6277886629104614,2.9877376556396484,0.016114505007863045,0.08307698369026184,0.2818191647529602,1.3115853071212769,0.07868217676877975,0.37050536274909973,,,,,,,,,,,,,,,,,,,,,,,,,,,,
12,6849,,,,,,,,,,,,,,0.00019999999494757503,0.00019999999494757503,3.232564267818816e-06,,,,,,,,,,,,,,,,,,,,,,,,,
12,6899,,,,,,,,,,,,,,0.00019999999494757503,0.00019999999494757503,3.232564267818816e-06,,,,,,,,,,,,,,,,,,,,,,,,,
12,6949,,,,,,,,,,,,,,0.00019999999494757503,0.00019999999494757503,3.232564267818816e-06,,,,,,,,,,,,,,,,,,,,,,,,,
12,6999,,,,,,,,,,,,,,0.00019999999494757503,0.00019999999494757503,3.232564267818816e-06,,,,,,,,,,,,,,,,,,,,,,,,,
12,7049,,,,,,,,,,,,,,0.00019999999494757503,0.00019999999494757503,3.232564267818816e-06,,,,,,,,,,,,,,,,,,,,,,,,,
12,7099,,,,,,,,,,,,,,0.00019999999494757503,0.00019999999494757503,3.232564267818816e-06,,,,,,,,,,,,,,,,,,,,,,,,,
12,7149,,,,,,,,,,,,,,0.00019999999494757503,0.00019999999494757503,3.232564267818816e-06,,,,,,,,,,,,,,,,,,,,,,,,,
12,7199,,,,,,,,,,,,,,0.00019999999494757503,0.00019999999494757503,3.232564267818816e-06,,,,,,,,,,,,,,,,,,,,,,,,,
12,7249,,,,,,,,,,,,,,0.00019999999494757503,0.00019999999494757503,3.232564267818816e-06,,,,,,,,,,,,,,,,,,,,,,,,,
12,7299,,,,,,,,,,,,,,0.00019999999494757503,0.00019999999494757503,3.232564267818816e-06,,,,,,,,,,,,,,,,,,,,,,,,,
12,7349,,,,,,,,,,,,,,0.00019999999494757503,0.00019999999494757503,3.232564267818816e-06,,,,,,,,,,,,,,,,,,,,,,,,,
12,7399,,,,,,,,,,,,,,0.00019999999494757503,0.00019999999494757503,3.232564267818816e-06,,,,,,,,,,,,,,,,,,,,,,,,,
12,7409,,,,,,,,,,,,,,,,,0.9391058087348938,0.6523481607437134,0.6744409799575806,0.702183187007904,0.6237984299659729,0.787657618522644,0.7876919507980347,0.8324798345565796,0.9381077289581299,0.6617922782897949,0.7569517493247986,0.7004409432411194,0.6149184703826904,0.7425360679626465,0.7861087322235107,0.8731407523155212,0.7429794073104858,0.8272197842597961,0.867214560508728,0.8731407523155212,0.7429794073104858,0.8272197842597961,0.867214560508728,0.9307762384414673,0.7672955989837646
12,7409,18.855262756347656,18.749452590942383,18.830482482910156,18.84166717529297,18.627302169799805,0.6735748052597046,2.9101545810699463,0.015546909533441067,0.07899554073810577,0.27721109986305237,1.2816389799118042,0.07731980085372925,0.36197611689567566,,,,,,,,,,,,,,,,,,,,,,,,,,,,
